source,dead_link,status
https://www.scnu.edu.cn/a/20151026/33.html,https://www.scnu.edu.cn/a/20150907/14.html,
https://www.scnu.edu.cn/a/20150907/6.html,https://www.scnu.edu.cn/a/20161025/1.html,
https://www.scnu.edu.cn/a/20150907/7.html,https://www.scnu.edu.cn/a/20151026/33.html,
https://www.scnu.edu.cn/a/20150907/7.html,https://www.scnu.edu.cn/a/20151026/31.html,
https://www.scnu.edu.cn/a/20150907/9.html,https://www.scnu.edu.cn/a/20150907/20.html,
https://www.scnu.edu.cn/a/20150907/9.html,https://www.scnu.edu.cn/a/20150907/19.html,
https://www.scnu.edu.cn/a/20151026/34.html,https://www.scnu.edu.cn/a/20150907/8.html,
https://www.scnu.edu.cn/a/20151026/34.html,https://www.scnu.edu.cn/a/20151026/29.html,
https://www.scnu.edu.cn/a/20250401/17.html,https://www.scnu.edu.cn/a/20150907/8.html,
https://www.scnu.edu.cn/,https://www.scnu.edu.cn/a/20220928/72.html,
